issue_number,scan_title,scan_browser,scan_color_scheme,scan_viewport_preset,scan_viewport_width,scan_viewport_height,submitted_url,final_url,http_status,fetch_ok,redirected,elapsed_ms,alfa_executed,alfa_passed,alfa_failed,alfa_cant_tell,alfa_inapplicable,alfa_failed_rules,alfa_error,axe_executed,axe_passed,axe_failed,axe_cant_tell,axe_inapplicable,axe_failed_rules,axe_error,equal_access_executed,equal_access_passed,equal_access_failed,equal_access_failed_unique,equal_access_failed_duplicates,equal_access_cant_tell,equal_access_inapplicable,equal_access_failed_rules,equal_access_error,accesslint_executed,accesslint_passed,accesslint_failed,accesslint_failed_unique,accesslint_failed_duplicates,accesslint_cant_tell,accesslint_inapplicable,accesslint_failed_rules,accesslint_error,qualweb_executed,qualweb_passed,qualweb_failed,qualweb_cant_tell,qualweb_inapplicable,qualweb_failed_rules,qualweb_error,duplicate_findings,fetch_error,page_title
61,Energy.gov,chromium,both,desktop,1280,800,https://energy.gov/,https://www.energy.gov/,200,true,true,12976,false,0,0,0,0,,Skipped (not requested),true,970,7,20,37,aria-allowed-role;aria-prohibited-attr;button-name,,true,2536,48,26,22,44,0,aria_attribute_redundant;aria_content_in_landmark;aria_role_redundant;element_attribute_deprecated;element_tabbable_unobscured;frame_src_valid;input_label_visible;style_color_misuse;style_focus_visible;style_highcontrast_visible;text_block_heading;text_contrast_sufficient,,false,0,0,0,0,0,0,,Skipped (not requested),false,0,0,0,0,,Skipped (not requested),23,,Department of Energy
61,Energy.gov,chromium,both,desktop,1280,800,https://energy.gov/cio/accessibility-standard-statement,https://energy.gov/cio/accessibility-standard-statement,,false,false,254,false,0,0,0,0,,Skipped because initial URL fetch failed,false,0,0,0,0,,Skipped because initial URL fetch failed,false,0,0,0,0,0,0,,Skipped because initial URL fetch failed,false,0,0,0,0,0,0,,Skipped because initial URL fetch failed,false,0,0,0,0,,Skipped because initial URL fetch failed,0,fetch failed,
61,Energy.gov,chromium,both,desktop,1280,800,https://energy.gov/gdo/funding-opportunities-and-requests-information,https://www.energy.gov/oe/funding-opportunities-and-requests-information,200,true,true,10382,false,0,0,0,0,,Skipped (not requested),true,1732,0,20,41,,,true,4353,49,39,10,14,0,aria_content_in_landmark;aria_role_redundant;element_tabbable_unobscured;input_label_visible;label_name_visible;style_color_misuse;style_highcontrast_visible;text_block_heading;text_contrast_sufficient;text_sensory_misuse,,false,0,0,0,0,0,0,,Skipped (not requested),false,0,0,0,0,,Skipped (not requested),10,,Funding Opportunities and Requests for Information | Department of Energy
61,Energy.gov,chromium,both,desktop,1280,800,https://energy.gov/apprenticeships-workforce-development,https://energy.gov/apprenticeships-workforce-development,,false,false,253,false,0,0,0,0,,Skipped because initial URL fetch failed,false,0,0,0,0,,Skipped because initial URL fetch failed,false,0,0,0,0,0,0,,Skipped because initial URL fetch failed,false,0,0,0,0,0,0,,Skipped because initial URL fetch failed,false,0,0,0,0,,Skipped because initial URL fetch failed,0,fetch failed,
61,Energy.gov,chromium,both,desktop,1280,800,https://energy.gov/budget-performance,https://energy.gov/budget-performance,,false,false,254,false,0,0,0,0,,Skipped because initial URL fetch failed,false,0,0,0,0,,Skipped because initial URL fetch failed,false,0,0,0,0,0,0,,Skipped because initial URL fetch failed,false,0,0,0,0,0,0,,Skipped because initial URL fetch failed,false,0,0,0,0,,Skipped because initial URL fetch failed,0,fetch failed,
61,Energy.gov,chromium,both,desktop,1280,800,https://energy.gov/commercialization,https://www.energy.gov/commercialization,200,true,true,7398,false,0,0,0,0,,Skipped (not requested),true,703,0,8,47,,,true,1798,24,17,7,16,0,aria_content_in_landmark;aria_role_redundant;element_tabbable_unobscured;input_label_visible;style_color_misuse;style_highcontrast_visible;text_block_heading;text_contrast_sufficient,,false,0,0,0,0,0,0,,Skipped (not requested),false,0,0,0,0,,Skipped (not requested),7,,Commercialization | Department of Energy
61,Energy.gov,chromium,both,desktop,1280,800,https://energy.gov/contact-us,https://energy.gov/contact-us,,false,false,254,false,0,0,0,0,,Skipped because initial URL fetch failed,false,0,0,0,0,,Skipped because initial URL fetch failed,false,0,0,0,0,0,0,,Skipped because initial URL fetch failed,false,0,0,0,0,0,0,,Skipped because initial URL fetch failed,false,0,0,0,0,,Skipped because initial URL fetch failed,0,fetch failed,
61,Energy.gov,chromium,both,desktop,1280,800,https://energy.gov/design,https://energy.gov/design,,false,false,252,false,0,0,0,0,,Skipped because initial URL fetch failed,false,0,0,0,0,,Skipped because initial URL fetch failed,false,0,0,0,0,0,0,,Skipped because initial URL fetch failed,false,0,0,0,0,0,0,,Skipped because initial URL fetch failed,false,0,0,0,0,,Skipped because initial URL fetch failed,0,fetch failed,
61,Energy.gov,chromium,both,desktop,1280,800,https://energy.gov/digital-engagement-and-media,https://www.energy.gov/digital-engagement-and-media,200,true,true,7398,false,0,0,0,0,,Skipped (not requested),true,783,0,11,46,,,true,1849,22,15,7,21,0,aria_content_in_landmark;aria_role_redundant;element_tabbable_unobscured;input_label_visible;style_color_misuse;style_highcontrast_visible;text_block_heading;text_contrast_sufficient,,false,0,0,0,0,0,0,,Skipped (not requested),false,0,0,0,0,,Skipped (not requested),7,,Digital Engagement and Media | Department of Energy
61,Energy.gov,chromium,both,desktop,1280,800,https://energy.gov/EDF,https://energy.gov/EDF,,false,false,254,false,0,0,0,0,,Skipped because initial URL fetch failed,false,0,0,0,0,,Skipped because initial URL fetch failed,false,0,0,0,0,0,0,,Skipped because initial URL fetch failed,false,0,0,0,0,0,0,,Skipped because initial URL fetch failed,false,0,0,0,0,,Skipped because initial URL fetch failed,0,fetch failed,
61,Energy.gov,chromium,both,desktop,1280,800,https://energy.gov/funding-opportunities,https://energy.gov/funding-opportunities,,false,false,252,false,0,0,0,0,,Skipped because initial URL fetch failed,false,0,0,0,0,,Skipped because initial URL fetch failed,false,0,0,0,0,0,0,,Skipped because initial URL fetch failed,false,0,0,0,0,0,0,,Skipped because initial URL fetch failed,false,0,0,0,0,,Skipped because initial URL fetch failed,0,fetch failed,
61,Energy.gov,chromium,both,desktop,1280,800,https://energy.gov/genesis,https://energy.gov/genesis,,false,false,253,false,0,0,0,0,,Skipped because initial URL fetch failed,false,0,0,0,0,,Skipped because initial URL fetch failed,false,0,0,0,0,0,0,,Skipped because initial URL fetch failed,false,0,0,0,0,0,0,,Skipped because initial URL fetch failed,false,0,0,0,0,,Skipped because initial URL fetch failed,0,fetch failed,
61,Energy.gov,chromium,both,desktop,1280,800,https://energy.gov/internships-fellowships,https://www.energy.gov/internships-fellowships,200,true,true,8594,false,0,0,0,0,,Skipped (not requested),true,1074,0,24,37,,,true,2299,114,52,62,46,0,aria_attribute_valid;aria_child_valid;aria_content_in_landmark;aria_role_redundant;element_attribute_deprecated;element_tabbable_role_valid;element_tabbable_unobscured;input_label_visible;style_color_misuse;style_focus_visible;style_highcontrast_visible;table_headers_related;text_block_heading;text_contrast_sufficient,,false,0,0,0,0,0,0,,Skipped (not requested),false,0,0,0,0,,Skipped (not requested),62,,Internships &amp; Fellowships | Department of Energy
61,Energy.gov,chromium,both,desktop,1280,800,https://energy.gov/mission,https://energy.gov/mission,,false,false,254,false,0,0,0,0,,Skipped because initial URL fetch failed,false,0,0,0,0,,Skipped because initial URL fetch failed,false,0,0,0,0,0,0,,Skipped because initial URL fetch failed,false,0,0,0,0,0,0,,Skipped because initial URL fetch failed,false,0,0,0,0,,Skipped because initial URL fetch failed,0,fetch failed,
61,Energy.gov,chromium,both,desktop,1280,800,https://energy.gov/newsroom,https://energy.gov/newsroom,,false,false,252,false,0,0,0,0,,Skipped because initial URL fetch failed,false,0,0,0,0,,Skipped because initial URL fetch failed,false,0,0,0,0,0,0,,Skipped because initial URL fetch failed,false,0,0,0,0,0,0,,Skipped because initial URL fetch failed,false,0,0,0,0,,Skipped because initial URL fetch failed,0,fetch failed,
61,Energy.gov,chromium,both,desktop,1280,800,https://energy.gov/notice-court-orders,https://energy.gov/notice-court-orders,,false,false,253,false,0,0,0,0,,Skipped because initial URL fetch failed,false,0,0,0,0,,Skipped because initial URL fetch failed,false,0,0,0,0,0,0,,Skipped because initial URL fetch failed,false,0,0,0,0,0,0,,Skipped because initial URL fetch failed,false,0,0,0,0,,Skipped because initial URL fetch failed,0,fetch failed,
61,Energy.gov,chromium,both,desktop,1280,800,https://energy.gov/open-government,https://energy.gov/open-government,,false,false,252,false,0,0,0,0,,Skipped because initial URL fetch failed,false,0,0,0,0,,Skipped because initial URL fetch failed,false,0,0,0,0,0,0,,Skipped because initial URL fetch failed,false,0,0,0,0,0,0,,Skipped because initial URL fetch failed,false,0,0,0,0,,Skipped because initial URL fetch failed,0,fetch failed,
61,Energy.gov,chromium,both,desktop,1280,800,https://energy.gov/our-leadership-offices,https://www.energy.gov/our-leadership-offices,200,true,true,9226,false,0,0,0,0,,Skipped (not requested),true,1318,0,9,47,,,true,3377,46,19,27,38,0,aria_content_in_landmark;aria_role_redundant;element_tabbable_unobscured;input_label_visible;style_color_misuse;style_highcontrast_visible;text_block_heading;text_contrast_sufficient;text_sensory_misuse,,false,0,0,0,0,0,0,,Skipped (not requested),false,0,0,0,0,,Skipped (not requested),27,,Our Leadership &amp; Offices | Department of Energy
61,Energy.gov,chromium,both,desktop,1280,800,https://energy.gov/power-marketing-administrations,https://energy.gov/power-marketing-administrations,,false,false,253,false,0,0,0,0,,Skipped because initial URL fetch failed,false,0,0,0,0,,Skipped because initial URL fetch failed,false,0,0,0,0,0,0,,Skipped because initial URL fetch failed,false,0,0,0,0,0,0,,Skipped because initial URL fetch failed,false,0,0,0,0,,Skipped because initial URL fetch failed,0,fetch failed,
61,Energy.gov,chromium,both,desktop,1280,800,https://energy.gov/save,https://energy.gov/save,,false,false,252,false,0,0,0,0,,Skipped because initial URL fetch failed,false,0,0,0,0,,Skipped because initial URL fetch failed,false,0,0,0,0,0,0,,Skipped because initial URL fetch failed,false,0,0,0,0,0,0,,Skipped because initial URL fetch failed,false,0,0,0,0,,Skipped because initial URL fetch failed,0,fetch failed,
61,Energy.gov,chromium,both,desktop,1280,800,https://energy.gov/state-american-energy-promises-made-promises-kept,https://energy.gov/state-american-energy-promises-made-promises-kept,,false,false,253,false,0,0,0,0,,Skipped because initial URL fetch failed,false,0,0,0,0,,Skipped because initial URL fetch failed,false,0,0,0,0,0,0,,Skipped because initial URL fetch failed,false,0,0,0,0,0,0,,Skipped because initial URL fetch failed,false,0,0,0,0,,Skipped because initial URL fetch failed,0,fetch failed,
61,Energy.gov,chromium,both,desktop,1280,800,https://energy.gov/topics,https://energy.gov/topics,,false,false,252,false,0,0,0,0,,Skipped because initial URL fetch failed,false,0,0,0,0,,Skipped because initial URL fetch failed,false,0,0,0,0,0,0,,Skipped because initial URL fetch failed,false,0,0,0,0,0,0,,Skipped because initial URL fetch failed,false,0,0,0,0,,Skipped because initial URL fetch failed,0,fetch failed,
61,Energy.gov,chromium,both,desktop,1280,800,https://energy.gov/us-department-energy-national-laboratories,https://www.energy.gov/us-department-energy-national-laboratories,200,true,true,21002,false,0,0,0,0,,Skipped (not requested),true,1626,0,8,41,,,true,3761,75,68,7,44,0,aria_content_in_landmark;aria_role_redundant;element_attribute_deprecated;element_tabbable_unobscured;frame_src_valid;html_skipnav_exists;input_label_visible;style_color_misuse;style_highcontrast_visible;text_block_heading;text_contrast_sufficient,,false,0,0,0,0,0,0,,Skipped (not requested),false,0,0,0,0,,Skipped (not requested),7,,U.S Department of Energy National Laboratories | Department of Energy
61,Energy.gov,chromium,both,desktop,1280,800,https://energy.gov/us-energy-information-administration-eia,https://www.energy.gov/us-energy-information-administration-eia,200,true,true,7247,false,0,0,0,0,,Skipped (not requested),true,628,0,8,46,,,true,1540,20,15,5,10,0,aria_content_in_landmark;aria_role_redundant;element_tabbable_unobscured;input_label_visible;style_color_misuse;style_highcontrast_visible;text_block_heading;text_contrast_sufficient,,false,0,0,0,0,0,0,,Skipped (not requested),false,0,0,0,0,,Skipped (not requested),5,,U.S. Energy Information Administration (EIA) | Department of Energy
61,Energy.gov,chromium,both,desktop,1280,800,https://energy.gov/web-policies,https://www.energy.gov/web-policies,200,true,true,8476,false,0,0,0,0,,Skipped (not requested),true,1100,0,6,41,,,true,2700,74,25,49,40,0,aria_content_in_landmark;aria_role_redundant;element_attribute_deprecated;element_tabbable_unobscured;input_label_visible;label_name_visible;list_markup_review;style_color_misuse;style_highcontrast_visible;text_block_heading;text_contrast_sufficient;text_quoted_correctly;text_sensory_misuse,,false,0,0,0,0,0,0,,Skipped (not requested),false,0,0,0,0,,Skipped (not requested),49,,Web Policies | Department of Energy
61,Energy.gov,chromium,both,desktop,1280,800,https://energy.gov/whistleblower-protection-and-nondisclosure-agreements,https://energy.gov/whistleblower-protection-and-nondisclosure-agreements,,false,false,254,false,0,0,0,0,,Skipped because initial URL fetch failed,false,0,0,0,0,,Skipped because initial URL fetch failed,false,0,0,0,0,0,0,,Skipped because initial URL fetch failed,false,0,0,0,0,0,0,,Skipped because initial URL fetch failed,false,0,0,0,0,,Skipped because initial URL fetch failed,0,fetch failed,
61,Energy.gov,chromium,both,desktop,1280,800,https://energy.gov/work-us-department-energy,https://www.energy.gov/work-us-department-energy,200,true,true,7751,false,0,0,0,0,,Skipped (not requested),true,857,0,14,47,,,true,2179,26,19,7,21,0,aria_content_in_landmark;aria_role_redundant;element_tabbable_unobscured;input_label_visible;style_color_misuse;style_highcontrast_visible;text_block_heading;text_contrast_sufficient;text_sensory_misuse,,false,0,0,0,0,0,0,,Skipped (not requested),false,0,0,0,0,,Skipped (not requested),7,,Work at the U.S. Department of Energy | Department of Energy
61,Energy.gov,chromium,both,desktop,1280,800,https://energy.gov/articles/energy-department-announces-1715-million-expand-us-geothermal-energy,https://energy.gov/articles/energy-department-announces-1715-million-expand-us-geothermal-energy,,false,false,254,false,0,0,0,0,,Skipped because initial URL fetch failed,false,0,0,0,0,,Skipped because initial URL fetch failed,false,0,0,0,0,0,0,,Skipped because initial URL fetch failed,false,0,0,0,0,0,0,,Skipped because initial URL fetch failed,false,0,0,0,0,,Skipped because initial URL fetch failed,0,fetch failed,
61,Energy.gov,chromium,both,desktop,1280,800,https://energy.gov/articles/energy-department-announces-largest-loan-department-history-delivering-over-7-billion,https://energy.gov/articles/energy-department-announces-largest-loan-department-history-delivering-over-7-billion,,false,false,252,false,0,0,0,0,,Skipped because initial URL fetch failed,false,0,0,0,0,,Skipped because initial URL fetch failed,false,0,0,0,0,0,0,,Skipped because initial URL fetch failed,false,0,0,0,0,0,0,,Skipped because initial URL fetch failed,false,0,0,0,0,,Skipped because initial URL fetch failed,0,fetch failed,
61,Energy.gov,chromium,both,desktop,1280,800,https://energy.gov/articles/energy-department-approves-export-expansion-corpus-christi-lng,https://www.energy.gov/articles/energy-department-approves-export-expansion-corpus-christi-lng,200,true,true,8202,false,0,0,0,0,,Skipped (not requested),true,656,1,3,45,heading-order,,true,1628,21,17,4,13,0,aria_content_in_landmark;aria_role_redundant;element_tabbable_unobscured;input_label_visible;label_name_visible;style_color_misuse;style_highcontrast_visible;text_block_heading;text_contrast_sufficient;text_sensory_misuse,,false,0,0,0,0,0,0,,Skipped (not requested),false,0,0,0,0,,Skipped (not requested),4,,Energy Department Approves Export Expansion at Corpus Christi LNG | Department of Energy
61,Energy.gov,chromium,both,desktop,1280,800,https://energy.gov/articles/fact-sheet-energy-department-lowering-electricity-costs-georgia-and-alabama,https://energy.gov/articles/fact-sheet-energy-department-lowering-electricity-costs-georgia-and-alabama,,false,false,252,false,0,0,0,0,,Skipped because initial URL fetch failed,false,0,0,0,0,,Skipped because initial URL fetch failed,false,0,0,0,0,0,0,,Skipped because initial URL fetch failed,false,0,0,0,0,0,0,,Skipped because initial URL fetch failed,false,0,0,0,0,,Skipped because initial URL fetch failed,0,fetch failed,
61,Energy.gov,chromium,both,desktop,1280,800,https://energy.gov/articles/fact-sheet-president-trump-restoring-prosperity-safety-and-security-united-states-and,https://energy.gov/articles/fact-sheet-president-trump-restoring-prosperity-safety-and-security-united-states-and,,false,false,252,false,0,0,0,0,,Skipped because initial URL fetch failed,false,0,0,0,0,,Skipped because initial URL fetch failed,false,0,0,0,0,0,0,,Skipped because initial URL fetch failed,false,0,0,0,0,0,0,,Skipped because initial URL fetch failed,false,0,0,0,0,,Skipped because initial URL fetch failed,0,fetch failed,
61,Energy.gov,chromium,both,desktop,1280,800,https://energy.gov/articles/us-department-energy-reverses-biden-lng-pause-restores-trump-energy-dominance-agenda,https://energy.gov/articles/us-department-energy-reverses-biden-lng-pause-restores-trump-energy-dominance-agenda,,false,false,253,false,0,0,0,0,,Skipped because initial URL fetch failed,false,0,0,0,0,,Skipped because initial URL fetch failed,false,0,0,0,0,0,0,,Skipped because initial URL fetch failed,false,0,0,0,0,0,0,,Skipped because initial URL fetch failed,false,0,0,0,0,,Skipped because initial URL fetch failed,0,fetch failed,
61,Energy.gov,chromium,both,desktop,1280,800,https://energy.gov/ceser/does-use-federal-power-act-emergency-authority,https://www.energy.gov/ceser/does-use-federal-power-act-emergency-authority,200,true,true,7514,false,0,0,0,0,,Skipped (not requested),true,678,0,6,48,,,true,1755,32,16,16,24,0,aria_content_in_landmark;aria_role_redundant;element_tabbable_unobscured;input_label_visible;style_color_misuse;style_highcontrast_visible;text_block_heading;text_contrast_sufficient,,false,0,0,0,0,0,0,,Skipped (not requested),false,0,0,0,0,,Skipped (not requested),16,,DOE&#039;s Use of Federal Power Act Emergency Authority | Department of Energy
61,Energy.gov,chromium,both,desktop,1280,800,https://energy.gov/ceser/emergency-response-hub-0,https://energy.gov/ceser/emergency-response-hub-0,,false,false,254,false,0,0,0,0,,Skipped because initial URL fetch failed,false,0,0,0,0,,Skipped because initial URL fetch failed,false,0,0,0,0,0,0,,Skipped because initial URL fetch failed,false,0,0,0,0,0,0,,Skipped because initial URL fetch failed,false,0,0,0,0,,Skipped because initial URL fetch failed,0,fetch failed,
61,Energy.gov,chromium,both,desktop,1280,800,https://energy.gov/cio/department-energy-information-quality-guidelines,https://energy.gov/cio/department-energy-information-quality-guidelines,,false,false,252,false,0,0,0,0,,Skipped because initial URL fetch failed,false,0,0,0,0,,Skipped because initial URL fetch failed,false,0,0,0,0,0,0,,Skipped because initial URL fetch failed,false,0,0,0,0,0,0,,Skipped because initial URL fetch failed,false,0,0,0,0,,Skipped because initial URL fetch failed,0,fetch failed,
61,Energy.gov,chromium,both,desktop,1280,800,https://energy.gov/cio/privacy-program,https://energy.gov/cio/privacy-program,,false,false,253,false,0,0,0,0,,Skipped because initial URL fetch failed,false,0,0,0,0,,Skipped because initial URL fetch failed,false,0,0,0,0,0,0,,Skipped because initial URL fetch failed,false,0,0,0,0,0,0,,Skipped because initial URL fetch failed,false,0,0,0,0,,Skipped because initial URL fetch failed,0,fetch failed,
61,Energy.gov,chromium,both,desktop,1280,800,https://energy.gov/energysaver/energy-saver,https://energy.gov/energysaver/energy-saver,,false,false,252,false,0,0,0,0,,Skipped because initial URL fetch failed,false,0,0,0,0,,Skipped because initial URL fetch failed,false,0,0,0,0,0,0,,Skipped because initial URL fetch failed,false,0,0,0,0,0,0,,Skipped because initial URL fetch failed,false,0,0,0,0,,Skipped because initial URL fetch failed,0,fetch failed,
61,Energy.gov,chromium,both,desktop,1280,800,https://energy.gov/femp/federal-energy-management-program-funding-opportunities,https://www.energy.gov/cmei/femp/federal-energy-management-program-funding-opportunities,200,true,true,10017,false,0,0,0,0,,Skipped (not requested),true,709,2,9,47,heading-order;link-name,,true,1741,28,25,3,9,0,a_text_purpose;aria_content_in_landmark;aria_role_redundant;element_tabbable_unobscured;input_label_visible;label_name_visible;style_color_misuse;style_highcontrast_visible;text_block_heading;text_contrast_sufficient,,false,0,0,0,0,0,0,,Skipped (not requested),false,0,0,0,0,,Skipped (not requested),3,,Federal Energy Management Program Funding Opportunities | Department of Energy
61,Energy.gov,chromium,both,desktop,1280,800,https://energy.gov/gc/freedom-information-act,https://energy.gov/gc/freedom-information-act,,false,false,253,false,0,0,0,0,,Skipped because initial URL fetch failed,false,0,0,0,0,,Skipped because initial URL fetch failed,false,0,0,0,0,0,0,,Skipped because initial URL fetch failed,false,0,0,0,0,0,0,,Skipped because initial URL fetch failed,false,0,0,0,0,,Skipped because initial URL fetch failed,0,fetch failed,
61,Energy.gov,chromium,both,desktop,1280,800,https://energy.gov/hgeo/hgeo-solicitations-and-business-opportunities,https://energy.gov/hgeo/hgeo-solicitations-and-business-opportunities,,false,false,252,false,0,0,0,0,,Skipped because initial URL fetch failed,false,0,0,0,0,,Skipped because initial URL fetch failed,false,0,0,0,0,0,0,,Skipped because initial URL fetch failed,false,0,0,0,0,0,0,,Skipped because initial URL fetch failed,false,0,0,0,0,,Skipped because initial URL fetch failed,0,fetch failed,
61,Energy.gov,chromium,both,desktop,1280,800,https://energy.gov/ig/office-inspector-general,https://energy.gov/ig/office-inspector-general,,false,false,252,false,0,0,0,0,,Skipped because initial URL fetch failed,false,0,0,0,0,,Skipped because initial URL fetch failed,false,0,0,0,0,0,0,,Skipped because initial URL fetch failed,false,0,0,0,0,0,0,,Skipped because initial URL fetch failed,false,0,0,0,0,,Skipped because initial URL fetch failed,0,fetch failed,
61,Energy.gov,chromium,both,desktop,1280,800,https://energy.gov/indianenergy/current-funding-and-technical-assistance-opportunities,https://energy.gov/indianenergy/current-funding-and-technical-assistance-opportunities,,false,false,252,false,0,0,0,0,,Skipped because initial URL fetch failed,false,0,0,0,0,,Skipped because initial URL fetch failed,false,0,0,0,0,0,0,,Skipped because initial URL fetch failed,false,0,0,0,0,0,0,,Skipped because initial URL fetch failed,false,0,0,0,0,,Skipped because initial URL fetch failed,0,fetch failed,
61,Energy.gov,chromium,both,desktop,1280,800,https://energy.gov/lm/history,https://energy.gov/lm/history,,false,false,253,false,0,0,0,0,,Skipped because initial URL fetch failed,false,0,0,0,0,,Skipped because initial URL fetch failed,false,0,0,0,0,0,0,,Skipped because initial URL fetch failed,false,0,0,0,0,0,0,,Skipped because initial URL fetch failed,false,0,0,0,0,,Skipped because initial URL fetch failed,0,fetch failed,
61,Energy.gov,chromium,both,desktop,1280,800,https://energy.gov/mesc/funding,https://energy.gov/mesc/funding,,false,false,253,false,0,0,0,0,,Skipped because initial URL fetch failed,false,0,0,0,0,,Skipped because initial URL fetch failed,false,0,0,0,0,0,0,,Skipped because initial URL fetch failed,false,0,0,0,0,0,0,,Skipped because initial URL fetch failed,false,0,0,0,0,,Skipped because initial URL fetch failed,0,fetch failed,
61,Energy.gov,chromium,both,desktop,1280,800,https://energy.gov/nnsa/national-nuclear-security-administration,https://www.energy.gov/nnsa/national-nuclear-security-administration,200,true,true,8780,false,0,0,0,0,,Skipped (not requested),true,1125,6,10,46,link-name,,true,3028,36,24,12,22,0,a_text_purpose;aria_content_in_landmark;aria_role_redundant;element_tabbable_unobscured;input_label_visible;label_name_visible;style_color_misuse;style_highcontrast_visible;text_block_heading;text_contrast_sufficient,,false,0,0,0,0,0,0,,Skipped (not requested),false,0,0,0,0,,Skipped (not requested),12,,National Nuclear Security Administration | Department of Energy
61,Energy.gov,chromium,both,desktop,1280,800,https://energy.gov/OMEI/office-civil-rights-and-equal-employment-opportunity,https://energy.gov/OMEI/office-civil-rights-and-equal-employment-opportunity,,false,false,278,false,0,0,0,0,,Skipped because initial URL fetch failed,false,0,0,0,0,,Skipped because initial URL fetch failed,false,0,0,0,0,0,0,,Skipped because initial URL fetch failed,false,0,0,0,0,0,0,,Skipped because initial URL fetch failed,false,0,0,0,0,,Skipped because initial URL fetch failed,0,fetch failed,
61,Energy.gov,chromium,both,desktop,1280,800,https://energy.gov/science/department-energy-nobel-laureates,https://energy.gov/science/department-energy-nobel-laureates,,false,false,252,false,0,0,0,0,,Skipped because initial URL fetch failed,false,0,0,0,0,,Skipped because initial URL fetch failed,false,0,0,0,0,0,0,,Skipped because initial URL fetch failed,false,0,0,0,0,0,0,,Skipped because initial URL fetch failed,false,0,0,0,0,,Skipped because initial URL fetch failed,0,fetch failed,
61,Energy.gov,chromium,both,desktop,1280,800,https://energy.gov/science/office-science-funding-opportunities,https://energy.gov/science/office-science-funding-opportunities,,false,false,253,false,0,0,0,0,,Skipped because initial URL fetch failed,false,0,0,0,0,,Skipped because initial URL fetch failed,false,0,0,0,0,0,0,,Skipped because initial URL fetch failed,false,0,0,0,0,0,0,,Skipped because initial URL fetch failed,false,0,0,0,0,,Skipped because initial URL fetch failed,0,fetch failed,
61,Energy.gov,chromium,both,desktop,1280,800,https://energy.gov/topics/2025-doe-403-orders,https://energy.gov/topics/2025-doe-403-orders,,false,false,252,false,0,0,0,0,,Skipped because initial URL fetch failed,false,0,0,0,0,,Skipped because initial URL fetch failed,false,0,0,0,0,0,0,,Skipped because initial URL fetch failed,false,0,0,0,0,0,0,,Skipped because initial URL fetch failed,false,0,0,0,0,,Skipped because initial URL fetch failed,0,fetch failed,
61,Energy.gov,chromium,both,desktop,1280,800,https://energy.gov/topics/advancing-innovation-technology-transitions-and-early-investments,https://energy.gov/topics/advancing-innovation-technology-transitions-and-early-investments,,false,false,253,false,0,0,0,0,,Skipped because initial URL fetch failed,false,0,0,0,0,,Skipped because initial URL fetch failed,false,0,0,0,0,0,0,,Skipped because initial URL fetch failed,false,0,0,0,0,0,0,,Skipped because initial URL fetch failed,false,0,0,0,0,,Skipped because initial URL fetch failed,0,fetch failed,
61,Energy.gov,chromium,both,desktop,1280,800,https://energy.gov/topics/american-manufacturing,https://energy.gov/topics/american-manufacturing,,false,false,253,false,0,0,0,0,,Skipped because initial URL fetch failed,false,0,0,0,0,,Skipped because initial URL fetch failed,false,0,0,0,0,0,0,,Skipped because initial URL fetch failed,false,0,0,0,0,0,0,,Skipped because initial URL fetch failed,false,0,0,0,0,,Skipped because initial URL fetch failed,0,fetch failed,
61,Energy.gov,chromium,both,desktop,1280,800,https://energy.gov/topics/artificial-intelligence,https://energy.gov/topics/artificial-intelligence,,false,false,252,false,0,0,0,0,,Skipped because initial URL fetch failed,false,0,0,0,0,,Skipped because initial URL fetch failed,false,0,0,0,0,0,0,,Skipped because initial URL fetch failed,false,0,0,0,0,0,0,,Skipped because initial URL fetch failed,false,0,0,0,0,,Skipped because initial URL fetch failed,0,fetch failed,
61,Energy.gov,chromium,both,desktop,1280,800,https://energy.gov/topics/cybersecurity,https://www.energy.gov/topics/cybersecurity,200,true,true,7668,false,0,0,0,0,,Skipped (not requested),true,685,1,11,47,heading-order,,true,1707,20,15,5,13,0,aria_content_in_landmark;aria_role_redundant;element_tabbable_unobscured;input_label_visible;style_color_misuse;style_highcontrast_visible;text_block_heading;text_contrast_sufficient,,false,0,0,0,0,0,0,,Skipped (not requested),false,0,0,0,0,,Skipped (not requested),5,,Cybersecurity | Department of Energy
61,Energy.gov,chromium,both,desktop,1280,800,https://energy.gov/topics/earth-systems-modeling,https://energy.gov/topics/earth-systems-modeling,,false,false,253,false,0,0,0,0,,Skipped because initial URL fetch failed,false,0,0,0,0,,Skipped because initial URL fetch failed,false,0,0,0,0,0,0,,Skipped because initial URL fetch failed,false,0,0,0,0,0,0,,Skipped because initial URL fetch failed,false,0,0,0,0,,Skipped because initial URL fetch failed,0,fetch failed,
61,Energy.gov,chromium,both,desktop,1280,800,https://energy.gov/topics/energy-security,https://energy.gov/topics/energy-security,,false,false,252,false,0,0,0,0,,Skipped because initial URL fetch failed,false,0,0,0,0,,Skipped because initial URL fetch failed,false,0,0,0,0,0,0,,Skipped because initial URL fetch failed,false,0,0,0,0,0,0,,Skipped because initial URL fetch failed,false,0,0,0,0,,Skipped because initial URL fetch failed,0,fetch failed,
61,Energy.gov,chromium,both,desktop,1280,800,https://energy.gov/topics/energy-workforce,https://energy.gov/topics/energy-workforce,,false,false,253,false,0,0,0,0,,Skipped because initial URL fetch failed,false,0,0,0,0,,Skipped because initial URL fetch failed,false,0,0,0,0,0,0,,Skipped because initial URL fetch failed,false,0,0,0,0,0,0,,Skipped because initial URL fetch failed,false,0,0,0,0,,Skipped because initial URL fetch failed,0,fetch failed,
61,Energy.gov,chromium,both,desktop,1280,800,https://energy.gov/topics/environmental-and-legacy-management,https://energy.gov/topics/environmental-and-legacy-management,,false,false,253,false,0,0,0,0,,Skipped because initial URL fetch failed,false,0,0,0,0,,Skipped because initial URL fetch failed,false,0,0,0,0,0,0,,Skipped because initial URL fetch failed,false,0,0,0,0,0,0,,Skipped because initial URL fetch failed,false,0,0,0,0,,Skipped because initial URL fetch failed,0,fetch failed,
61,Energy.gov,chromium,both,desktop,1280,800,https://energy.gov/about-us/web-policies/privacy,https://energy.gov/about-us/web-policies/privacy,,false,false,252,false,0,0,0,0,,Skipped because initial URL fetch failed,false,0,0,0,0,,Skipped because initial URL fetch failed,false,0,0,0,0,0,0,,Skipped because initial URL fetch failed,false,0,0,0,0,0,0,,Skipped because initial URL fetch failed,false,0,0,0,0,,Skipped because initial URL fetch failed,0,fetch failed,
61,Energy.gov,chromium,both,desktop,1280,800,https://energy.gov/cio/articles/vulnerability-disclosure-policy,https://energy.gov/cio/articles/vulnerability-disclosure-policy,,false,false,252,false,0,0,0,0,,Skipped because initial URL fetch failed,false,0,0,0,0,,Skipped because initial URL fetch failed,false,0,0,0,0,0,0,,Skipped because initial URL fetch failed,false,0,0,0,0,0,0,,Skipped because initial URL fetch failed,false,0,0,0,0,,Skipped because initial URL fetch failed,0,fetch failed,
61,Energy.gov,chromium,both,desktop,1280,800,https://energy.gov/eere/funding/eere-funding-opportunities,https://energy.gov/eere/funding/eere-funding-opportunities,,false,false,253,false,0,0,0,0,,Skipped because initial URL fetch failed,false,0,0,0,0,,Skipped because initial URL fetch failed,false,0,0,0,0,0,0,,Skipped because initial URL fetch failed,false,0,0,0,0,0,0,,Skipped because initial URL fetch failed,false,0,0,0,0,,Skipped because initial URL fetch failed,0,fetch failed,
61,Energy.gov,chromium,both,desktop,1280,800,https://energy.gov/scep/wap/weatherization-assistance-program,https://www.energy.gov/cmei/scep/wap/weatherization-assistance-program,200,true,true,8702,false,0,0,0,0,,Skipped (not requested),true,703,0,7,43,,,true,1795,29,19,10,23,0,aria_attribute_redundant;aria_content_in_landmark;aria_role_redundant;element_tabbable_unobscured;input_label_visible;style_color_misuse;style_focus_visible;style_highcontrast_visible;text_block_heading;text_contrast_sufficient,,false,0,0,0,0,0,0,,Skipped (not requested),false,0,0,0,0,,Skipped (not requested),10,,Weatherization Assistance Program | Department of Energy
61,Energy.gov,chromium,both,desktop,1280,800,https://energy.gov/topics/national-science-bowl,https://energy.gov/topics/national-science-bowl,,false,false,254,false,0,0,0,0,,Skipped because initial URL fetch failed,false,0,0,0,0,,Skipped because initial URL fetch failed,false,0,0,0,0,0,0,,Skipped because initial URL fetch failed,false,0,0,0,0,0,0,,Skipped because initial URL fetch failed,false,0,0,0,0,,Skipped because initial URL fetch failed,0,fetch failed,
61,Energy.gov,chromium,both,desktop,1280,800,https://energy.gov/topics/grid-deployment-and-transmission,https://energy.gov/topics/grid-deployment-and-transmission,,false,false,253,false,0,0,0,0,,Skipped because initial URL fetch failed,false,0,0,0,0,,Skipped because initial URL fetch failed,false,0,0,0,0,0,0,,Skipped because initial URL fetch failed,false,0,0,0,0,0,0,,Skipped because initial URL fetch failed,false,0,0,0,0,,Skipped because initial URL fetch failed,0,fetch failed,
61,Energy.gov,chromium,both,desktop,1280,800,https://energy.gov/topics/puerto-rico-grid-resilience-and-modernization,https://energy.gov/topics/puerto-rico-grid-resilience-and-modernization,,false,false,252,false,0,0,0,0,,Skipped because initial URL fetch failed,false,0,0,0,0,,Skipped because initial URL fetch failed,false,0,0,0,0,0,0,,Skipped because initial URL fetch failed,false,0,0,0,0,0,0,,Skipped because initial URL fetch failed,false,0,0,0,0,,Skipped because initial URL fetch failed,0,fetch failed,
61,Energy.gov,chromium,both,desktop,1280,800,https://energy.gov/topics/tribal-energy-access,https://energy.gov/topics/tribal-energy-access,,false,false,252,false,0,0,0,0,,Skipped because initial URL fetch failed,false,0,0,0,0,,Skipped because initial URL fetch failed,false,0,0,0,0,0,0,,Skipped because initial URL fetch failed,false,0,0,0,0,0,0,,Skipped because initial URL fetch failed,false,0,0,0,0,,Skipped because initial URL fetch failed,0,fetch failed,
61,Energy.gov,chromium,both,desktop,1280,800,https://energy.gov/topics/research-technology-and-economic-security,https://energy.gov/topics/research-technology-and-economic-security,,false,false,253,false,0,0,0,0,,Skipped because initial URL fetch failed,false,0,0,0,0,,Skipped because initial URL fetch failed,false,0,0,0,0,0,0,,Skipped because initial URL fetch failed,false,0,0,0,0,0,0,,Skipped because initial URL fetch failed,false,0,0,0,0,,Skipped because initial URL fetch failed,0,fetch failed,
61,Energy.gov,chromium,both,desktop,1280,800,https://energy.gov/topics/extreme-weather-resiliency,https://energy.gov/topics/extreme-weather-resiliency,,false,false,252,false,0,0,0,0,,Skipped because initial URL fetch failed,false,0,0,0,0,,Skipped because initial URL fetch failed,false,0,0,0,0,0,0,,Skipped because initial URL fetch failed,false,0,0,0,0,0,0,,Skipped because initial URL fetch failed,false,0,0,0,0,,Skipped because initial URL fetch failed,0,fetch failed,
61,Energy.gov,chromium,both,desktop,1280,800,https://energy.gov/topics/nuclear-security,https://energy.gov/topics/nuclear-security,,false,false,253,false,0,0,0,0,,Skipped because initial URL fetch failed,false,0,0,0,0,,Skipped because initial URL fetch failed,false,0,0,0,0,0,0,,Skipped because initial URL fetch failed,false,0,0,0,0,0,0,,Skipped because initial URL fetch failed,false,0,0,0,0,,Skipped because initial URL fetch failed,0,fetch failed,
